{"query": "sddocname:doc", "hits": 5, "ranking.features.query(tensor)": [0.007164321540055506, 0.02493424689332547, 0.001076953149659939, 0.02989702998931888, 0.02519144425158595, 0.05773104554842738, 0.02097404603109489, 0.05028228421182579, 0.023849374312099565, 0.050749853321066414, 0.045308165071913806, 0.07950358950519269, 0.016392121816536785, 0.00021522417796847876, 0.02105250728845591, 0.05307318428155142, 0.06450136178032807, 0.0348933355829943, 0.03761405313162581, 0.01386448961217161, 0.03698864373202985, 0.04791548569008256, 0.04648765837830985, 0.06092444162989339, 0.05702753349014624, 0.038444010979191715, 0.020613920814629632, 0.04357434761620334, 0.00912874585915557, 0.05172025922075887, 0.027794788872749592, 0.0602787771802159, 0.0157619975341423, 0.03947048778594627, 0.04615635351651284, 0.07000805820309922, 0.05745742917001086, 0.017404976775885275, 0.05318510429239033, 0.0533843813729166, 0.06728687519943519, 0.002082959302356555, 0.004019546919994769, 0.02878184750205779, 0.03069236831647332, 0.0588186362186508, 0.07973343705339062, 0.06784547584126545, 0.04929775372857743, 0.06845657937075682, 0.03033997117239227, 0.0086985195700799, 0.05830402267906012, 0.04216669699133079, 0.07002887417064903, 0.05974978681956102, 0.04435412306418396, 0.03910482989350688, 0.04226158427758898, 0.04934204069604981, 0.004190208970474297, 0.01715033779786081, 0.04108547914556268, 0.013620759556708611, 0.05938456825701911, 0.04632728270369194, 0.06076020803431324, 0.0039720195981004375, 0.01845360976155276, 0.007587158922134332, 0.0410661877622976, 0.03774029669793858, 0.038837582901280594, 0.05284230919903327, 0.04596230025195909, 0.024093289883269652, 0.042179492090677104, 0.060854774202283905, 0.061831672034577255, 0.047847037165307645, 0.009329320636419359, 0.012766030342610158, 0.06366780412233318, 0.03604937955283735, 0.02667558084680918, 0.07904040867119168, 0.05407806459881594, 0.0776521433599247, 0.027141919338330947, 0.06494608574123534, 0.040904686629837636, 0.052727455341485166, 0.03487683475505506, 0.06584273692957276, 0.06563718756242998, 0.023603394489931828, 0.07590108454107161, 0.046751051184246384, 0.010506761532268429, 0.04560337751206326, 0.021363268258179656, 0.005260141986324383, 0.03186753450323687, 0.03279496169168688, 0.003302459298753688, 0.038781542617457004, 0.0796845301640706, 0.03658926646851836, 0.06027186594672825, 0.03056559185834855, 0.0472222658802062, 0.07332980146610586, 0.025808414340066248, 0.047387534243107404, 0.0018421689116847697, 0.04985864082685052, 0.03552969356363993, 0.009439337398274754, 0.007392703841225778, 0.014026104898141014, 0.03144815463659084, 0.04501067090315081, 0.04440891077990578, 0.01936295005026781, 0.02952701219358768, 0.07271960816574612, 0.05454150455693486, 0.04935941393271832, 0.02535586534119368, 0.06516978989248486, 0.018268368673779994, 0.05855335801335603, 0.048833556050284006, 0.03207093149238991, 0.0346611845201274, 0.06229907629503389, 0.029503016317996837, 0.0065217886427323315, 0.06517810282128433, 0.04924094886251746, 0.0681123289256978, 0.0021395617646351047, 0.07383449254678524, 0.016434633342487077, 0.012085911943869675, 0.04655468631793524, 0.03443820058022856, 0.06905099509339983, 0.00424066729163722, 0.050593449284095524, 0.015434630919024233, 0.05819431933537217, 0.03556063495119128, 0.022735698552220397, 0.03969379040165363, 0.03512209656227636, 0.02486538748868197, 0.05745297139083185, 0.05616271407704434, 0.020365497617035568, 0.019987133162045995, 0.005677621878610355, 0.017019646954461676, 0.008743335491801705, 0.07737643458519111, 0.005121918364683618, 0.06864934193330056, 0.0770451338353916, 0.0006384097207159579, 0.05576944012500899, 0.03992663680070805, 0.05470934074049547, 0.05296543691668807, 0.004518608545469827, 0.029510052614319948, 0.06417626993552135, 0.07908497395065234, 0.012789528821727571, 0.01431279844650023, 0.0018263266876329676, 0.07864246922017547, 0.009633141856401926, 0.016857309419851627, 0.006752976883629133, 0.0350871964567301, 0.04803562163590502, 0.011112594209610983, 0.05275675933153414, 0.008426336038042945, 0.030768144336505154, 0.038974898943390596, 0.07004256085245573, 0.013823437373466913, 0.07551921676563232, 0.008148386017149761, 0.07857217457770858, 0.009924566205537567, 0.0513888330961082, 0.000246195121510394, 0.01494954330545446, 0.027035633938817114, 0.015888860369809146, 0.0784717880734073, 0.04355944008232648, 0.046622931981377465, 0.035939603944176925, 0.0562756509114421, 0.03449108464202582, 0.0030525524255567427, 0.013816711831841579, 0.07107732343328768, 0.07680333001731647, 0.0470064612749738, 0.021432505264544207, 0.022245162424773476, 0.03022459905580085, 0.02440097101966908, 0.04505755321781994, 0.0060009871690371785, 0.07516374503526914, 0.04399295701612514, 0.03907317431959832, 0.05164379437231448, 0.0771532031760936, 0.05036466202356661, 0.06909483712169477, 0.06227298900385626, 0.07469502228829021, 0.030339231084360593, 0.0168968518684036, 0.06240029973383105, 0.04083420366624079, 0.06553867786754043, 0.025383775042298037, 0.06575378287724602, 0.03864601384913611, 0.04207455318286641, 0.01499975759843654, 0.060659829345717786, 0.046211016933851684, 0.042287703726177135, 0.017001764994936802, 0.07848045721660178, 0.038475762310973015, 0.024070728317606427, 0.054251008898228016, 0.07122308291415778, 0.020208775875338245, 0.027284975476409533, 0.058941609517293284, 0.010778299864700103, 0.05094119354169912, 0.0411470680558748, 0.03690492737865056, 0.019800701072923112, 0.07087171000839797, 0.04855117976772767, 0.0572638633852273, 0.029436328835455355, 0.002592839639906733, 0.035044435710843466, 0.07950198942592299, 0.05461530125896563, 0.060287366283960496, 0.04223777298519138, 0.04521235720383898, 0.027319465575169937, 0.00048474293403334294, 0.03250884601200544, 0.010370246939522416, 0.07890199323468099, 0.0014395611221126158, 0.030750630996796577, 0.026126789681174878, 0.0369497364947571, 0.0041779617668203095, 0.035908293673881424, 0.027875377615051104, 0.0017092887318719357, 0.06894806143408418, 0.0641178828947728, 0.02730233665837039, 0.0451131174336309, 0.06871835703703709, 0.05874029395081391, 0.00972995396301079, 0.04114278428630046, 0.04544583195528114, 0.0072195677103785785, 0.024558126670923542, 0.06959827958178622, 0.07586212427359905, 0.042336066834641126, 0.024365307673673883, 0.07007125915880115, 0.029967273853956453, 0.010335549273722834, 0.006581303055232846, 0.06401981519563779, 0.06452135887915815, 0.04605019720652777, 0.07952940578372429, 0.005686267117393235, 0.0374173509650152, 0.03909032477246852, 0.00106251132155494, 0.05797000694454497, 0.00577316064752825, 0.006600616762586583, 0.06273236329053121, 0.06165362102616488, 0.01581341964604242, 0.009855604693431197, 0.00420746776869923, 0.03948291181037576, 0.03279437274156247, 0.06209384996130074, 0.028412183992312844, 0.0403762360098552, 0.03201410380732158, 0.012503499270010552, 0.06243568048702087, 0.0033628235584289793, 0.052904599764443394, 0.06353629823968304, 0.050980526281744425, 0.04609694073750378, 0.05343947248915555, 0.016525523465645352, 0.05626114511504018, 0.04160412013934865, 0.04837287025059857, 0.030489239908627595, 0.017556309226745583, 0.054133520915338594, 0.021717645393212227, 0.05627332939251179, 0.057624269492598856, 0.0104379397427187, 0.04903341980266524, 0.014315219086257897, 0.06584057497179488, 0.0639316259599652, 0.009676163609755461, 0.014658051496181008, 0.007887755044734915, 0.025992545022027403, 0.03161450813464933, 0.055696584023874944, 0.013775885147251369, 0.07277094830743534, 0.032386796599682896, 0.00015162014083908363, 0.009996562110156445, 0.04826245236605287, 0.05886200755223684, 0.0056238303731992335, 0.027282985121696784, 0.017330953402274047, 0.07085391217516478, 0.05234829417351559, 0.002144997065567512, 0.01419090855697731, 0.03715626408705392, 0.015406406390468596, 0.03220654455827182, 0.003225135265847542, 0.02815362980598411, 0.0004491795239144037, 0.021017101102537235, 